Lección #,Subtema,Video / seña disponible,Estado
Lección 1,Rasgos distintivos de la LSC,,Falta grabar / registrar seña
Lección 1,Abecedario,Abecedarioa(A-Z),
Lección 1,Números,1-19,Registrado
Lección 1,Números,Decenas 20-100,Registrado
Lección 1,Números,Centenas 100-900,Registrado
Lección 1,Números,Miles 1000-5000,Registrado
Lección 1,Números,Primero,Registrado
Lección 1,Números,Segundo,Registrado
Lección 1,Números,Tercero,Registrado
Lección 1,Números,Cuarto,Registrado
Lección 1,Números,Quinto,Registrado
Lección 1,Colores,Amarillo,Registrado
Lección 1,Colores,Anaranjado,Registrado
Lección 1,Colores,Azul,Registrado
Lección 1,Colores,Blanco,Registrado
Lección 1,Colores,Café,Registrado
Lección 1,Colores,Gris,Registrado
Lección 1,Colores,Morado,Registrado
Lección 1,Colores,Negro,Registrado
Lección 1,Colores,Rojo,Registrado
Lección 1,Colores,Rosado,Registrado
Lección 1,Colores,Verde,Registrado
Lección 1,Tonalidades,Brillante,Registrado
Lección 1,Tonalidades,Claro,Registrado
Lección 1,Tonalidades,Oscuro,Registrado
Lección 1,Calendario,Día,Registrado
Lección 1,Calendario,Semana,Registrado
Lección 1,Calendario,Mes,Registrado
Lección 1,Calendario,Año,Registrado
Lección 1,Calendario,Meses del año(Enero-Diciembre),Registrado
Lección 1,Familia,Papá,Registrado
Lección 1,Familia,Mamá,Registrado
Lección 1,Familia,Tío/a,Registrado
Lección 1,Familia,Primo/a,Registrado
Lección 1,Familia,Sobrino/a,Registrado
Lección 1,Familia,Abuelo/a,Registrado
Lección 1,Familia,Novio/a,Registrado
Lección 1,Familia,Esposo/a,Registrado
Lección 1,Saludos informales,Hola,Registrado
Lección 1,Saludos informales,Cómo estás?,Registrado
Lección 1,Saludos formales,Buenos días,Registrado
Lección 1,Saludos formales,Buenas tardes,Registrado
Lección 1,Saludos formales,Buenas noches,Registrado
Lección 1,Despedida,Chao,Registrado
Lección 1,Despedida,Nos vemos,Registrado
Lección 2,Uso del cuerpo,Imágenes del uso del cuerpo,Registrado
Lección 2,Configuraciones manuales,Imágenes de las configuraciones manuales,Registrado
Lección 2,Dactilología e ideogramas,Deletreando mamá,Registrado
Lección 2,Dactilología e ideogramas,Deletreando Valle del Cauca,Registrado
Lección 2,Dactilología e ideogramas,Seña de hijo para ideograma,Registrado
Lección 2,Dactilología e ideogramas,Presentación personal,Registrado
Lección 2,Tipos de señas,Con gusto,Registrado
Lección 2,Tipos de señas,Gracias,Registrado
Lección 2,Tipos de señas,Hacer,Registrado
Lección 2,Tipos de señas,Buenas tardes,Registrado
Lección 2,Rasgos no manuales,Imágenes de rasgos no manuales,Registrado
Lección 2,Clasificadores,Carro,Registrado
Lección 2,Clasificadores,Clasificador de carro,Registrado
Lección 2,Clasificadores,Avión,Registrado
Lección 2,Clasificadores,Aeropuerto,Registrado
Lección 2,Clasificadores,Bebé,Registrado
Lección 2,Clasificadores,Cuchara,Registrado
Lección 2,Clasificadores,Cuchillo,Registrado
Lección 2,Clasificadores,Libro,Registrado
Lección 2,Clasificadores,Llave,Registrado
Lección 3,Transmitir una idea,Sin señas,Registrado
Lección 3,Tiempo,Ahora,Registrado
Lección 3,Tiempo,Ayer,Registrado
Lección 3,Tiempo,Mañana,Registrado
Lección 3,Tiempo,Futuro,Registrado
Lección 3,Tiempo,Siempre,Registrado
Lección 3,Tiempo,A veces,Registrado
Lección 3,Tiempo,Nunca,Registrado
Lección 3,Tiempo,Otra vez,Registrado
Lección 3,Lugar,Casa,Registrado
Lección 3,Lugar,Colegio,Registrado
Lección 3,Lugar,Empresa,Registrado
Lección 3,Lugar,Aquí,Registrado
Lección 3,Lugar,Afuera,Registrado
Lección 3,Lugar,Adentro,Registrado
Lección 3,Sujeto,Yo,Registrado
Lección 3,Sujeto,Tu,Registrado
Lección 3,Sujeto,El/Ella,Registrado
Lección 3,Sujeto,Nosotros,Registrado
Lección 3,Sujeto,Ustedes,Registrado
Lección 3,Sujeto,Mío,Registrado
Lección 3,Sujeto,Suyo/Tuyo,Registrado
Lección 3,Acciones,Aprender,Registrado
Lección 3,Acciones,Estudiar,Registrado
Lección 3,Acciones,Entender,Registrado
Lección 3,Acciones,Pensar,Registrado
Lección 3,Acciones,Dormir,Registrado
Lección 3,Acciones,Buscar,Registrado
Lección 3,Acciones,Ayudar,Registrado
Lección 3,Acciones,Dar,Registrado
Lección 3,Acciones,Seguir,Registrado
Lección 3,Acciones,Comprar,Registrado
Lección 3,Acciones,Vender,Registrado
Lección 3,Acciones,Pagar,Registrado
Lección 3,Acciones,Invitar,Registrado
Lección 3,Acciones,Ir,Registrado
Lección 3,Acciones,Bailar,Registrado
Lección 4,Comida,Hambre,Registrado
Lección 4,Comida,Desayuno,Registrado
Lección 4,Comida,Almuerzo,Registrado
Lección 4,Comida,Cena,Registrado
Lección 4,Comida,Huevo,Registrado
Lección 4,Comida,Pan,Registrado
Lección 4,Comida,Leche,Registrado
Lección 4,Comida,Café,Registrado
Lección 4,Comida,Arroz,Registrado
Lección 4,Comida,Carne,Registrado
Lección 4,Comida,Gaseosa,Registrado
Lección 4,Comida,Chocolate,Registrado
Lección 4,Comida,Galleta,Registrado
Lección 4,Comida,Gelatina,Registrado
Lección 4,Comida,Helado,Registrado
Lección 4,Comida,Coco,Registrado
Lección 4,Comida,Limón,Registrado
Lección 4,Comida,Fresa,Registrado
Lección 4,Comida,Manzana,Registrado
Lección 4,Comida,Ajo,Registrado
Lección 4,Comida,Cebolla,Registrado
Lección 4,Comida,Tomate,Registrado
Lección 4,Comida,Rico,Registrado
Lección 4,Comida,Picante,Registrado
Lección 4,Comida,Dulce,Registrado
Lección 4,Comida,Agrio,Registrado
Lección 4,Animales,Animal,Registrado
Lección 4,Animales,Perro,Registrado
Lección 4,Animales,Gato,Registrado
Lección 4,Animales,Mosca,Registrado
Lección 4,Animales,Cerdo,Registrado
Lección 4,Animales,Pollo,Registrado
Lección 4,Animales,Pez,Registrado
Lección 4,Espacios y objetos de la casa,Sin señas,Registrado
Lección 4,Ciudad,Ciudad,Registrado
Lección 4,Ciudad,Sin señas adicionales,Registrado
Lección 5,Preguntas,¿Cómo?,Registrado
Lección 5,Preguntas,¿Cuál?,Registrado
Lección 5,Preguntas,¿Qué?,Registrado
Lección 5,Preguntas,¿Cuándo?,Registrado
Lección 5,Preguntas,¿Cuánto?,Registrado
Lección 5,Preguntas,¿Dónde?,Registrado
Lección 5,Preguntas,¿Por qué?,Registrado
Lección 5,Preguntas,¿Para qué?,Registrado
Lección 5,Preguntas,¿Quién?,Registrado
Lección 5,Negación y afirmación,No gustar,Registrado
Lección 5,Negación y afirmación,No hay,Registrado
Lección 5,Negación y afirmación,No puedo,Registrado
Lección 5,Negación y afirmación,Si,Registrado
Lección 5,Negación y afirmación,De acuerdo,Registrado
Lección 5,Negación y afirmación,Seguro,Registrado
Lección 5,Negación y afirmación,Excelente,Registrado
Lección 5,Antónimos,Arriba,Registrado
Lección 5,Antónimos,Abajo,Registrado
Lección 5,Antónimos,Antes,Registrado
Lección 5,Antónimos,Después,Registrado
Lección 5,Antónimos,Fácil,Registrado
Lección 5,Antónimos,Difícil,Registrado
Lección 5,Calificativos,Bueno,Registrado
Lección 5,Calificativos,Malo,Registrado
Lección 5,Calificativos,Amable,Registrado
Lección 5,Calificativos,Alto,Registrado
Lección 5,Calificativos,Bajo,Registrado
Lección 5,Calificativos,Delgado,Registrado
Lección 5,Calificativos,Bonito,Registrado
Lección 5,Calificativos,Feo,Registrado
Lección 5,Calificativos,Elegante,Registrado
Lección 5,Calificativos,Especial,Registrado
Lección 5,Calificativos,Nuevo,Registrado
Lección 5,Calificativos,Viejo,Registrado
Lección 5,Calificativos,Limpio,Registrado
Lección 5,Calificativos,Sucio,Registrado
Lección 5,Frases comunes,Gracias,Registrado
Lección 5,Frases comunes,Por favor,Registrado
Lección 5,Frases comunes,Perdón,Registrado
Lección 5,Frases comunes,De nada,Registrado
Lección 5,Frases comunes,¿Cómo te sientes?,Registrado
Lección 5,Frases comunes,Cumpleaños,Registrado
Lección 5,Frases comunes,Te quiero,Registrado
Lección 5,Frases comunes,Amigo,Registrado
Lección 5,Construcción de oraciones,Sin señas,Registrado
Lección 6,Salud,Sin señas,Registrado
Lección 6,Ocupación,Sin señas,Registrado
Lección 6,Emociones,Sin señas,Registrado
Lección 6,Tecnología,Sin señas,Registrado
Lección 7,Modales en la comunicación,Imágenes,Registrado
Lección 7,Tecnologías de aistencia,Imágenes,Registrado
Lección 7,Ampliación de conocimientos,Imágenes,Registrado
